x,y,label
-0.15267,-0.77562,0.00000
-0.04583,0.41496,1.00000
-0.35177,-0.75961,0.00000
0.76774,-0.44354,0.00000
-0.62491,-0.36860,0.00000
-0.88219,0.32545,1.00000
-0.61027,0.41228,0.00000
-0.15355,0.51735,1.00000
0.24058,0.25665,1.00000
0.27605,0.01204,1.00000
-0.19668,-0.77185,0.00000
-0.85954,0.31942,1.00000
0.20770,0.78687,1.00000
-0.66028,0.60379,1.00000
-0.11010,-0.38023,0.00000
0.16383,-0.36805,0.00000
0.44431,-0.42386,1.00000
0.10730,0.35607,1.00000
0.07665,0.40675,1.00000
-0.75663,-0.03831,0.00000
0.30858,-0.07703,1.00000
-0.02909,-0.65321,1.00000
-0.31502,0.25473,1.00000
-0.66145,0.32062,0.00000
-0.10628,0.23366,0.00000
-0.76881,0.47415,1.00000
0.19297,0.37696,1.00000
0.32172,0.66084,1.00000
-0.53470,-0.52972,0.00000
0.66925,0.08925,1.00000
0.66699,0.43064,1.00000
-0.64879,0.21305,0.00000
-0.54530,-0.10642,1.00000
0.16223,0.57671,0.00000
-0.51412,0.07312,1.00000
-0.84518,0.12102,1.00000
-0.28455,-0.09751,0.00000
0.38413,0.49043,0.00000
0.57970,-0.37192,1.00000
0.12218,0.60139,0.00000
-0.47062,-0.24463,1.00000
0.22811,0.30285,1.00000
0.27657,-0.82113,0.00000
-0.07339,-0.01129,1.00000
-0.27922,-0.00272,0.00000
0.48937,0.26929,0.00000
0.71325,-0.53003,0.00000
0.13928,0.32811,1.00000
0.67095,0.31588,1.00000
-0.33130,0.05752,0.00000
0.24459,0.22044,1.00000
-0.74078,0.48400,1.00000
-0.46180,-0.25918,1.00000
-0.17868,0.62288,0.00000
0.70899,-0.11363,1.00000
-0.36024,-0.76659,0.00000
0.67001,0.28961,1.00000
-0.76334,-0.19288,0.00000
0.44038,0.64431,1.00000
-0.48817,0.70375,1.00000
-0.18264,0.60020,0.00000
-0.32908,-0.22253,0.00000
-0.22384,-0.59022,1.00000
0.21826,-0.19124,1.00000
0.31363,0.09113,1.00000
0.22457,-0.03993,1.00000
0.65458,0.32502,1.00000
0.20302,-0.36779,0.00000
-0.92490,-0.00424,1.00000
0.77710,-0.43489,0.00000
-0.16482,0.40567,1.00000
-0.15689,0.22243,0.00000
-0.31517,-0.05672,0.00000
0.87369,-0.31295,0.00000
0.64971,-0.58257,0.00000
-0.54624,0.05074,1.00000
-0.42111,0.29884,1.00000
0.64003,0.39849,1.00000
-0.75533,0.02073,0.00000
0.43780,-0.48364,1.00000
-0.06116,0.39399,1.00000
-0.32728,-0.14245,0.00000
0.19976,0.84988,1.00000
-0.18122,-0.32130,0.00000
-0.76247,-0.02116,0.00000
-0.56041,0.48087,0.00000
0.64212,0.45257,1.00000
0.72018,0.20718,1.00000
-0.68258,0.58096,1.00000
0.77293,0.00667,1.00000
-0.01057,-0.85453,0.00000
-0.26299,-0.26963,0.00000
-0.89791,0.04443,1.00000
0.64297,0.29298,1.00000
0.23176,-0.83334,0.00000
0.45107,-0.76309,0.00000
-0.48949,-0.22095,1.00000
0.53199,-0.07682,0.00000
0.32543,-0.30949,0.00000
-0.48505,0.70519,1.00000
0.58341,0.16010,0.00000
-0.25675,0.36599,1.00000
-0.48066,0.08945,1.00000
-0.40679,-0.38369,1.00000
-0.33222,-0.05756,0.00000
-0.29239,0.00206,0.00000
0.60733,-0.64122,0.00000
-0.43535,0.09618,1.00000
0.29093,-0.85107,0.00000
0.30578,0.11830,1.00000
-0.78991,-0.02946,0.00000
-0.71726,-0.11450,0.00000
0.20069,-0.62885,1.00000
-0.87575,0.16564,1.00000
0.70680,-0.04359,1.00000
-0.79328,0.38251,1.00000
0.30007,0.07157,1.00000
-0.12067,-0.82701,0.00000
-0.50181,0.09116,1.00000
-0.44831,0.75104,1.00000
-0.14817,-0.82376,0.00000
0.27458,0.59800,0.00000
0.14941,-0.65623,1.00000
0.65737,-0.19163,1.00000
-0.31363,-0.47678,1.00000
-0.20668,0.58490,0.00000
0.16428,0.30609,1.00000
0.19952,0.79083,1.00000
-0.25680,-0.50297,1.00000
-0.06214,0.60945,0.00000
0.77343,0.09807,1.00000
-0.88467,0.26890,1.00000
0.16398,-0.16866,1.00000
0.73932,-0.07735,1.00000
0.73980,0.18264,1.00000
0.53157,0.60871,1.00000
-0.22425,-0.29799,0.00000
-0.34753,-0.34251,1.00000
-0.41328,0.28922,1.00000
-0.04766,0.76063,1.00000
0.63908,-0.29473,1.00000
-0.30913,0.02699,0.00000
0.56745,-0.70903,0.00000
0.11928,-0.46673,0.00000
0.52054,-0.00722,0.00000
-0.59497,-0.41054,0.00000
-0.28185,0.59806,0.00000
-0.67667,0.57350,1.00000
0.52562,-0.67034,0.00000
-0.20671,0.63032,0.00000
-0.04036,-0.66810,1.00000
-0.69351,0.15003,0.00000
-0.92125,0.12873,1.00000
-0.16314,-0.61906,1.00000
0.18272,0.35070,1.00000
-0.00700,0.67808,0.00000
0.39062,0.66337,1.00000
-0.17651,0.17618,0.00000
-0.09297,0.81000,1.00000
0.51699,0.13628,0.00000
-0.79839,0.04110,0.00000
0.76337,0.10775,1.00000
-0.15394,-0.56016,1.00000
0.23127,-0.89100,0.00000
0.34620,0.69883,1.00000
-0.07956,0.40450,1.00000
0.44377,-0.44530,1.00000
-0.05655,-0.60688,1.00000
-0.07854,-0.37974,0.00000
0.62361,-0.60440,0.00000
0.31122,0.17276,1.00000
-0.28743,-0.22194,0.00000
0.61547,-0.36462,1.00000
0.25356,-0.37306,0.00000
0.22473,0.78928,1.00000
0.53420,-0.39496,1.00000
0.66216,-0.25118,1.00000
-0.15600,0.83811,1.00000
0.26639,0.74093,1.00000
-0.40727,-0.65979,0.00000
0.90137,-0.22365,0.00000
0.45275,0.66197,1.00000
-0.16830,0.78654,1.00000
-0.61364,0.54968,1.00000
-0.29591,-0.50166,1.00000
0.47065,-0.50027,1.00000
-0.20764,-0.27176,0.00000
0.09031,-0.84211,0.00000
-0.03421,-0.63425,1.00000
-0.82331,0.40783,1.00000
0.35630,0.45508,0.00000
-0.61376,0.31386,0.00000
0.16005,0.32410,1.00000
0.42690,0.45039,0.00000
-0.19312,0.23390,0.00000
0.08232,0.75974,1.00000
-0.04902,0.61581,0.00000
-0.12904,-0.58816,1.00000
0.16337,0.60839,0.00000
-0.70189,-0.10295,0.00000
0.56693,-0.35753,1.00000
-0.72229,0.56812,1.00000
0.01766,-0.40381,0.00000
-0.32807,-0.09383,0.00000
0.73559,-0.00458,1.00000
-0.65411,-0.48034,0.00000
-0.57413,-0.57406,0.00000
-0.66762,-0.37589,0.00000
-0.13857,0.61215,0.00000
-0.89859,0.28646,1.00000
-0.26307,-0.78932,0.00000
0.11770,-0.47399,0.00000
-0.90063,0.07077,1.00000
-0.32813,0.79370,1.00000
-0.52972,-0.22415,1.00000
-0.09169,-0.79722,0.00000
-0.13533,0.37347,1.00000
-0.14442,-0.38688,0.00000
0.24872,0.14169,1.00000
0.21890,-0.38541,0.00000
-0.10568,0.82522,1.00000
-0.08187,-0.78771,0.00000
0.77031,-0.59077,0.00000
-0.77987,-0.03081,0.00000
-0.65689,0.35554,0.00000
-0.49851,-0.62826,0.00000
-0.12245,-0.55588,1.00000
0.95501,-0.24656,0.00000
0.69571,0.38080,1.00000
0.70433,-0.03305,1.00000
-0.67106,-0.42458,0.00000
-0.08310,-0.85639,0.00000
0.42982,-0.29979,0.00000
-0.44348,-0.23871,1.00000
-0.35232,0.82946,1.00000
0.44950,-0.45835,1.00000
-0.46514,0.53640,0.00000
0.47510,-0.09590,0.00000
-0.83797,0.39728,1.00000
-0.28775,0.86420,1.00000
0.76453,-0.59070,0.00000
-0.08382,-0.36581,0.00000
-0.50822,0.50936,0.00000
0.51826,0.59526,1.00000
-0.73698,-0.14559,0.00000
-0.80229,0.39860,1.00000
0.46659,0.36237,0.00000
0.65351,-0.62580,0.00000
0.22777,0.20305,1.00000
-0.01954,-0.87673,0.00000
0.67746,0.29773,1.00000
-0.85865,0.37378,1.00000
-0.25919,0.61540,0.00000
0.17002,-0.54621,1.00000
-0.62452,0.33706,0.00000
-0.09749,0.86677,1.00000
-0.05404,-0.45195,0.00000
-0.70869,0.15905,0.00000
0.69403,-0.59863,0.00000
-0.63540,0.63642,1.00000
0.62482,0.37456,1.00000
0.40382,-0.59515,1.00000
-0.13117,-0.40581,0.00000
0.01052,-0.63187,1.00000
-0.00308,-0.83421,0.00000
0.23280,-0.86989,0.00000
0.44951,-0.23932,0.00000
0.77757,-0.49942,0.00000
0.10554,-0.41685,0.00000
-0.43121,-0.33433,1.00000
0.35880,-0.34378,0.00000
0.51084,0.16387,0.00000
-0.17286,-0.33500,0.00000
0.21702,-0.19309,1.00000
0.44660,-0.19502,0.00000
-0.64347,-0.32768,0.00000
-0.56285,0.40173,0.00000
0.11510,-0.81174,0.00000
0.67857,-0.57311,0.00000
0.73169,0.15656,1.00000
-0.04676,-0.18301,1.00000
-0.33573,-0.53415,1.00000
-0.53056,0.48670,0.00000
-0.00757,-0.26312,1.00000
0.15181,0.59211,0.00000
0.69782,-0.10768,1.00000
0.19425,0.75132,1.00000
0.11331,-0.19101,1.00000
0.02027,0.81619,1.00000
0.31852,0.75350,1.00000
-0.03628,-0.41179,0.00000
-0.44231,0.45496,0.00000
0.67081,-0.09946,1.00000
0.45147,0.33807,0.00000
0.11046,0.83014,1.00000
-0.54455,0.17617,1.00000
-0.04617,-0.56669,1.00000
0.07476,0.62790,0.00000
0.57188,0.47613,1.00000
-0.43852,-0.36361,1.00000
-0.46070,0.09228,1.00000
0.91752,-0.11804,0.00000
0.20175,-0.82073,0.00000
0.31163,0.04637,1.00000
-0.71543,0.20436,0.00000
0.22298,-0.56787,1.00000
0.50921,0.02395,0.00000
-0.18818,0.83455,1.00000
-0.45768,-0.34381,1.00000
-0.20342,0.66089,0.00000
0.42998,0.66462,1.00000
0.45154,-0.24688,0.00000
0.50837,0.19881,0.00000
-0.86785,-0.02740,1.00000
-0.30782,0.28628,1.00000
0.26349,0.19394,1.00000
-0.33210,-0.06566,0.00000
0.16524,0.79526,1.00000
0.82578,-0.37932,0.00000
0.47325,-0.69048,0.00000
-0.70003,0.52836,1.00000
-0.45469,-0.67135,0.00000
-0.31352,-0.06469,0.00000
-0.66082,0.29720,0.00000
0.33779,0.43698,0.00000
-0.85592,0.18574,1.00000
0.03535,0.60470,0.00000
-0.51664,-0.13855,1.00000
0.48956,-0.53356,1.00000
-0.57636,0.70874,1.00000
-0.69773,0.19669,0.00000
-0.49767,0.00900,1.00000
-0.52297,-0.24854,1.00000
-0.41302,0.23718,1.00000
0.26090,0.56563,0.00000
0.21391,0.74797,1.00000
0.66263,0.12276,1.00000
-0.64247,-0.48373,0.00000
-0.16896,0.31978,1.00000
-0.22078,-0.47482,1.00000
-0.65991,0.22709,0.00000
0.55798,-0.69887,0.00000
-0.78896,0.40845,1.00000
-0.20413,0.58249,0.00000
0.69359,-0.62751,0.00000
0.97015,-0.13287,0.00000
-0.43839,0.75332,1.00000
-0.92949,0.33737,1.00000
-0.58064,-0.54400,0.00000
0.07731,-0.61942,1.00000
0.13975,0.43707,1.00000
0.06318,-0.21067,1.00000
-0.15998,-0.32935,0.00000
0.16658,-0.63928,1.00000
0.08223,-0.63506,1.00000
0.42281,0.37202,0.00000
0.39063,0.71491,1.00000
-0.68729,0.00647,0.00000
-0.41218,-0.66168,0.00000
-0.09204,0.85388,1.00000
-0.30631,-0.14953,0.00000
-0.46803,-0.23308,1.00000
0.08470,-0.37357,0.00000
-0.65905,-0.39991,0.00000
0.78260,-0.48903,0.00000
0.22155,0.72478,1.00000
0.15576,-0.82398,0.00000
-0.68498,0.10584,0.00000
0.96209,-0.01532,0.00000
0.58750,0.05370,0.00000
0.43289,0.61818,1.00000
0.53455,-0.39441,1.00000
-0.20146,-0.81051,0.00000
0.21466,0.59777,0.00000
0.96225,-0.05849,0.00000
-0.77319,0.39777,1.00000
-0.39814,-0.36422,1.00000
0.60171,-0.69551,0.00000
0.03800,0.80889,1.00000
-0.43551,0.47655,0.00000
-0.20014,0.58621,0.00000
0.64247,-0.26531,1.00000
-0.60056,0.64344,1.00000
0.08508,-0.14492,1.00000
-0.19945,-0.56844,1.00000
0.50378,-0.39187,1.00000
0.78772,-0.38258,0.00000
0.87493,-0.36744,0.00000
0.18113,0.81280,1.00000
-0.11973,-0.86473,0.00000
-0.59438,0.57207,1.00000
-0.91696,0.00201,1.00000
-0.62370,0.61633,1.00000
-0.38482,-0.38960,1.00000
-0.47149,-0.33931,1.00000
0.00968,0.65015,0.00000
0.45656,-0.45407,1.00000
0.37848,-0.83248,0.00000
0.75868,-0.43237,0.00000
0.32975,-0.59034,1.00000
0.16299,0.58075,0.00000
0.67351,-0.16780,1.00000
0.62915,0.43742,1.00000
-0.02071,0.62856,0.00000
-0.93046,0.15830,1.00000
-0.51500,0.71265,1.00000
-0.54156,-0.53335,0.00000
-0.23358,-0.31042,0.00000
-0.02271,0.68958,0.00000
-0.37314,0.72228,1.00000
-0.66794,-0.43588,0.00000
-0.17229,0.64055,0.00000
0.18055,0.29704,1.00000
0.86384,-0.50096,0.00000
0.71267,-0.49504,0.00000
0.51721,0.08685,0.00000
0.31539,-0.10904,1.00000
-0.44996,0.49481,0.00000
0.72296,-0.55818,0.00000
0.45564,0.37698,0.00000
0.76941,-0.11137,1.00000
0.98238,-0.00034,0.00000
0.70763,0.17903,1.00000
0.92430,-0.26245,0.00000
-0.03113,-0.65492,1.00000
0.07393,-0.44135,0.00000
0.21566,-0.43754,0.00000
-0.26365,0.85182,1.00000
-0.51427,-0.53741,0.00000
-0.94538,0.06603,1.00000
-0.55969,0.67717,1.00000
0.44696,0.66026,1.00000
0.42823,0.31452,0.00000
0.63373,0.42151,1.00000
0.65285,-0.59923,0.00000
-0.11209,0.63237,0.00000
-0.80698,-0.10919,0.00000
-0.28225,0.37733,1.00000
-0.26821,-0.56591,1.00000
0.12586,0.05414,0.00000
0.50491,0.62339,1.00000
0.70204,0.25912,1.00000
0.65604,-0.23100,1.00000
-0.18801,0.39634,1.00000
0.30165,-0.38102,0.00000
-0.57916,0.66029,1.00000
-0.31248,0.36663,1.00000
-0.39248,0.23329,1.00000
-0.76884,0.34906,1.00000
-0.49084,-0.05417,1.00000
-0.34324,-0.76261,0.00000
0.13740,-0.45079,0.00000
0.55405,-0.42488,1.00000
0.31932,0.27247,1.00000
0.70596,-0.51750,0.00000
0.57496,0.64934,1.00000
-0.55819,-0.09189,1.00000
0.39520,0.46474,0.00000
-0.25968,0.81949,1.00000
-0.36486,-0.72991,0.00000
0.26546,-0.81109,0.00000
-0.17513,-0.79093,0.00000
0.61916,-0.27922,1.00000
0.37818,0.69326,1.00000
-0.25045,-0.26144,0.00000
-0.40557,0.25163,1.00000
0.35518,-0.56760,1.00000
0.46970,0.68183,1.00000
0.68334,0.18548,1.00000
-0.54384,-0.07797,1.00000
0.53532,-0.03584,0.00000
0.94579,0.01933,0.00000
-0.51205,0.44008,0.00000
0.59482,-0.65112,0.00000
0.25606,0.14021,1.00000
-0.22931,-0.76765,0.00000
-0.13350,-0.54882,1.00000
0.68190,0.05514,1.00000
0.18062,-0.19479,1.00000
-0.28454,-0.16933,0.00000
-0.95956,0.04326,1.00000
0.32249,-0.57737,1.00000
-0.60465,0.61425,1.00000
-0.00285,0.29822,0.00000
0.18148,-0.37706,0.00000
-0.40684,-0.67871,0.00000
-0.70284,0.48946,1.00000
0.21014,0.22415,1.00000
-0.26819,-0.03303,0.00000
-0.42834,0.50626,0.00000
-0.73203,-0.06882,0.00000
-0.27754,-0.78375,0.00000
-0.45060,-0.62984,0.00000
0.72782,-0.46817,0.00000
-0.00741,0.82697,1.00000
-0.67055,-0.47482,0.00000
-0.19510,0.14114,0.00000
-0.32023,-0.50642,1.00000
-0.49909,-0.24940,1.00000
0.74529,0.04474,1.00000
0.70605,0.04360,1.00000
0.65776,-0.59553,0.00000
0.35190,-0.57471,1.00000
0.50106,0.66599,1.00000
-0.40340,-0.42126,1.00000
-0.36855,-0.43359,1.00000
0.04261,-0.82515,0.00000
0.09480,0.32405,1.00000
-0.13669,-0.83192,0.00000
0.35537,0.02943,1.00000
-0.62076,0.31491,0.00000
0.75948,0.13642,1.00000
0.07900,0.77656,1.00000
0.69377,0.02151,1.00000
-0.67846,-0.43475,0.00000
0.11042,-0.82053,0.00000
-0.47324,0.72654,1.00000
-0.95466,0.13616,1.00000
-0.72204,-0.16055,0.00000
-0.36925,0.59009,0.00000
-0.50599,-0.64329,0.00000
0.23558,0.29129,1.00000
-0.51702,0.33841,0.00000
-0.71285,-0.23319,0.00000
-0.29048,-0.24918,0.00000
-0.70604,-0.16846,0.00000
-0.55153,0.68125,1.00000
-0.51748,0.43313,0.00000
0.08411,0.60840,0.00000
-0.70240,-0.09667,0.00000
0.67655,0.37254,1.00000
-0.60877,-0.38585,0.00000
0.31590,0.48434,0.00000
-0.72450,0.47198,1.00000
0.02782,-0.60120,1.00000
-0.72828,0.23189,0.00000
-0.13444,-0.06096,1.00000
0.90957,-0.23779,0.00000
-0.54252,-0.05095,1.00000
0.56437,-0.67179,0.00000
-0.30638,-0.76473,0.00000
0.61806,-0.32406,1.00000
-0.94231,0.19104,1.00000
0.41242,-0.32152,0.00000
0.63171,0.09716,1.00000
-0.54583,0.05086,1.00000
0.42623,-0.57079,1.00000
-0.11648,0.83857,1.00000
0.87694,-0.24813,0.00000
-0.47538,0.05186,1.00000
0.24537,0.49465,0.00000
0.42364,0.67898,1.00000
-0.24413,0.76891,1.00000
-0.40347,-0.73714,0.00000
-0.33027,-0.72866,0.00000
0.44382,-0.48598,1.00000
0.20250,-0.65331,1.00000
-0.44886,-0.39819,1.00000
0.07668,-0.66982,1.00000
0.00599,0.82205,1.00000
-0.27382,0.10626,0.00000
0.64667,0.41883,1.00000
-0.09292,-0.36214,0.00000
0.55900,-0.35595,1.00000
0.23242,0.53724,0.00000
0.15058,0.79668,1.00000
0.91047,0.00852,0.00000
0.89242,-0.29670,0.00000
0.72184,-0.21286,1.00000
0.54757,-0.68692,0.00000
-0.05925,0.21046,0.00000
-0.91437,0.01783,1.00000
0.58673,0.39236,1.00000
0.06562,0.17007,0.00000
-0.46342,0.48744,0.00000
0.61109,-0.02845,1.00000
-0.93439,0.01475,1.00000
-0.30717,-0.24225,0.00000
0.09958,0.77823,1.00000
0.53289,0.58205,1.00000
0.52355,-0.06306,0.00000
0.31775,-0.81026,0.00000
-0.13111,-0.39544,0.00000
-0.36369,-0.06276,0.00000
-0.44193,-0.70038,0.00000
-0.47009,-0.17590,1.00000
-0.29952,0.04458,0.00000
-0.25048,-0.57747,1.00000
0.71524,0.02200,1.00000
0.32416,0.47641,0.00000
0.35136,-0.84402,0.00000
0.54810,0.47189,1.00000
-0.10148,-0.61948,1.00000
-0.87206,0.27288,1.00000
-0.04794,0.38250,1.00000
-0.32806,0.82547,1.00000
0.00226,0.17271,0.00000
-0.75895,-0.30675,0.00000
-0.03339,0.19333,0.00000
-0.50896,0.38747,0.00000
0.77418,-0.41285,0.00000
-0.76845,-0.06596,0.00000
0.32923,0.12153,1.00000
0.04608,0.66260,0.00000
0.63656,-0.64599,0.00000
-0.50325,-0.61090,0.00000
-0.08569,-0.15440,1.00000
0.69073,-0.66790,0.00000
0.20477,0.67966,0.00000
-0.50173,-0.17887,1.00000
-0.76009,-0.25268,0.00000
0.27593,0.10064,1.00000
0.27968,-0.86680,0.00000
-0.45281,0.67381,1.00000
-0.33184,0.57334,0.00000
0.48150,0.67492,1.00000
-0.44283,-0.67310,0.00000
0.46040,0.25816,0.00000
-0.17435,-0.56838,1.00000
0.23493,0.19418,1.00000
-0.52275,-0.59159,0.00000
-0.13270,-0.60452,1.00000
0.02128,-0.63114,1.00000
0.41949,0.20128,0.00000
0.54090,0.14341,0.00000
-0.55058,-0.20380,1.00000
0.18649,0.37376,1.00000
-0.38878,-0.12398,0.00000
-0.29880,-0.17207,0.00000
0.68779,-0.62234,0.00000
0.50470,0.13366,0.00000
0.88148,-0.04813,0.00000
-0.71638,-0.02811,0.00000
0.72052,-0.03705,1.00000
-0.65360,-0.48547,0.00000
0.26456,-0.13653,1.00000
-0.52022,-0.64635,0.00000
0.56607,0.21747,0.00000
-0.69923,0.06635,0.00000
-0.07129,0.79901,1.00000
0.93113,-0.00753,0.00000
0.72661,-0.59685,0.00000
0.35416,0.13913,1.00000
-0.64845,0.21966,0.00000
0.49700,-0.40446,1.00000
-0.86752,0.38450,1.00000
-0.44667,-0.30161,1.00000
0.29748,0.73141,1.00000
0.40425,0.63671,1.00000
0.66742,-0.61992,0.00000
0.15094,0.77125,1.00000
-0.31164,0.22857,1.00000
0.08217,0.13342,0.00000
0.16927,0.58156,0.00000
0.13789,0.57930,0.00000
0.36884,-0.28407,0.00000
-0.16955,-0.01665,1.00000
-0.53629,0.66537,1.00000
0.43162,0.37769,0.00000
0.14442,-0.82602,0.00000
0.50427,0.11687,0.00000
-0.53260,0.67744,1.00000
-0.47004,-0.32071,1.00000
0.34174,-0.63448,1.00000
0.07533,-0.44644,0.00000
0.25446,-0.12741,1.00000
0.55728,-0.72665,0.00000
-0.27765,-0.29044,0.00000
0.75595,0.07848,1.00000
0.12420,0.62800,0.00000
0.38546,0.72213,1.00000
0.54421,-0.11361,0.00000
0.34350,0.76340,1.00000
0.84596,-0.46391,0.00000
-0.59659,0.66298,1.00000
0.18534,-0.66896,1.00000
0.67893,-0.33170,1.00000
-0.40472,-0.25995,1.00000
0.00580,-0.86144,0.00000
-0.32596,0.43899,1.00000
0.71613,-0.52960,0.00000
-0.49666,0.41183,0.00000
0.95398,-0.17591,0.00000
0.29916,-0.82473,0.00000
-0.29787,-0.53872,1.00000
0.72523,-0.06688,1.00000
0.16717,-0.61158,1.00000
-0.16306,0.62923,0.00000
-0.43932,-0.29879,1.00000
0.02912,-0.81518,0.00000
-0.81396,0.40595,1.00000
0.43061,-0.55008,1.00000
-0.00339,0.42302,1.00000
-0.20291,-0.29476,0.00000
0.37769,0.35537,0.00000
0.56796,0.53345,1.00000
0.90425,-0.21997,0.00000
-0.09708,-0.59920,1.00000
-0.37081,-0.76305,0.00000
0.29235,-0.10867,1.00000
0.18949,0.77617,1.00000
-0.73184,0.16257,0.00000
-0.36481,0.71101,1.00000
-0.14182,0.84099,1.00000
0.19594,0.82130,1.00000
-0.25111,0.23421,0.00000
-0.73495,0.13248,0.00000
0.19391,0.35573,1.00000
-0.92852,0.23005,1.00000
-0.14803,-0.86348,0.00000
-0.71237,-0.38438,0.00000
-0.98326,0.11618,1.00000
0.76080,0.27112,1.00000
0.66230,-0.26240,1.00000
-0.76349,-0.08870,0.00000
0.22699,0.34403,1.00000
-0.01195,-0.88817,0.00000
-0.88185,0.13724,1.00000
0.51092,0.26451,0.00000
-0.32538,-0.43266,1.00000
0.38857,-0.50743,1.00000
-0.72752,-0.31476,0.00000
0.50750,-0.45335,1.00000
-0.78208,0.49929,1.00000
0.83222,-0.31579,0.00000
0.08241,-0.64233,1.00000
0.13545,0.78013,1.00000
0.49026,-0.11789,0.00000
-0.13396,0.23193,0.00000
0.16970,0.33903,1.00000
0.26708,-0.79939,0.00000
-0.52391,0.46178,0.00000
0.26325,0.02849,1.00000
-0.61570,0.60159,1.00000
-0.65117,0.56626,1.00000
0.21946,-0.44384,0.00000
0.72199,0.09927,1.00000
0.30538,-0.00751,1.00000
-0.97861,0.25933,1.00000
0.49853,-0.52555,1.00000
0.29653,-0.80828,0.00000
0.46369,-0.42618,1.00000
0.07203,-0.58941,1.00000
-0.78131,0.44030,1.00000
-0.21437,-0.88156,0.00000
-0.16032,0.83652,1.00000
0.53446,-0.31399,1.00000
-0.84181,0.34064,1.00000
-0.38770,0.71558,1.00000
-0.88560,0.12535,1.00000
0.70097,-0.62214,0.00000
0.67580,-0.59166,0.00000
0.13857,-0.86137,0.00000
-0.75632,-0.10112,0.00000
0.48726,-0.03595,0.00000
0.39021,0.41562,0.00000
0.99236,-0.06492,0.00000
-0.14704,0.82271,1.00000
0.42671,0.43355,0.00000
-0.48493,0.68236,1.00000
0.45031,0.34550,0.00000
0.41912,0.36879,0.00000
-0.69191,0.59333,1.00000
0.57199,-0.69428,0.00000
-0.72150,-0.03200,0.00000
0.38924,-0.74632,0.00000
-0.14224,-0.63793,1.00000
-0.73461,0.08023,0.00000
-0.34104,0.04972,0.00000
-0.18657,-0.57242,1.00000
-0.00998,-0.39188,0.00000
-0.30577,0.35934,1.00000
0.06975,0.61740,0.00000
-0.62181,0.34002,0.00000
-0.31231,-0.12465,0.00000
0.68563,-0.11620,1.00000
-0.31666,-0.43283,1.00000
-0.70795,-0.23295,0.00000
0.09323,0.67903,0.00000
0.33079,-0.33837,0.00000
0.25303,-0.60483,1.00000
-0.58620,0.33279,0.00000
-0.82299,0.37298,1.00000
-0.01720,0.42135,1.00000
0.25511,-0.44080,0.00000
-0.40873,0.33692,1.00000
-0.09387,0.56748,0.00000
0.26276,-0.63300,1.00000
0.95389,-0.04689,0.00000
0.55175,0.52056,1.00000
0.56748,-0.68702,0.00000
0.00250,0.20811,0.00000
-0.18867,-0.29682,0.00000
0.09424,-0.85072,0.00000
0.06594,0.77854,1.00000
0.34952,0.50165,0.00000
-0.76962,-0.00073,0.00000
-0.59305,-0.45049,0.00000
-0.64911,0.59694,1.00000
-0.99214,-0.00214,1.00000
-0.47848,0.47763,0.00000
-0.32199,-0.74420,0.00000
-0.35872,0.34227,1.00000
-0.25465,-0.81334,0.00000
0.54241,0.20838,0.00000
-0.15452,-0.38246,0.00000
-0.30067,-0.28632,0.00000
0.37646,0.76510,1.00000
0.82876,-0.45296,0.00000
0.42944,-0.46530,1.00000
0.21672,0.57315,0.00000
-0.50527,-0.22747,1.00000
-0.15650,0.69109,0.00000
-0.50245,0.76186,1.00000
-0.70343,0.10626,0.00000
0.62578,-0.36335,1.00000
-0.87649,0.05947,1.00000
-0.41983,0.49462,0.00000
0.00130,-0.59916,1.00000
-0.59688,-0.48001,0.00000
0.04289,-0.77049,0.00000
-0.53376,-0.12107,1.00000
-0.16380,0.18392,0.00000
0.23576,0.53445,0.00000
-0.89648,0.03399,1.00000
0.77136,0.09543,1.00000
0.05145,0.39120,1.00000
0.17245,-0.16539,1.00000
0.41528,0.64141,1.00000
-0.76040,0.46572,1.00000
-0.54540,-0.53866,0.00000
0.60356,-0.56232,0.00000
0.16913,-0.35975,0.00000
-0.36196,-0.49205,1.00000
0.66141,-0.16217,1.00000
0.89918,-0.21599,0.00000
0.72610,0.21393,1.00000
0.28755,-0.06699,1.00000
-0.14811,-0.86227,0.00000
0.63863,0.41443,1.00000
0.40590,0.67372,1.00000
-0.76360,0.54358,1.00000
-0.61275,-0.48204,0.00000
-0.01300,0.40957,1.00000
-0.05475,0.81582,1.00000
0.56274,-0.40609,1.00000
0.28047,0.79912,1.00000
-0.49877,0.48092,0.00000
-0.72410,-0.06582,0.00000
-0.56467,0.33978,0.00000
-0.67423,0.57967,1.00000
0.57390,0.14944,0.00000
-0.20221,-0.84056,0.00000
-0.19123,-0.78110,0.00000
0.48277,0.37244,0.00000
-0.64016,-0.34760,0.00000
-0.53604,-0.15367,1.00000
-0.45314,0.27773,1.00000
0.44909,0.32426,0.00000
0.00140,-0.56160,1.00000
0.04617,-0.59115,1.00000
-0.48342,-0.30027,1.00000
0.49560,-0.46357,1.00000
-0.45262,-0.69607,0.00000
0.50523,-0.77784,0.00000
0.42632,-0.22509,0.00000
0.96125,-0.01998,0.00000
0.26055,-0.84897,0.00000
0.48053,-0.70944,0.00000
0.24974,-0.16552,1.00000
-0.05226,0.21285,0.00000
0.22729,0.58466,0.00000
0.63384,0.34203,1.00000
-0.74808,0.37713,1.00000
0.37679,-0.83030,0.00000
0.93807,-0.14208,0.00000
0.39101,0.41291,0.00000
-0.12043,-0.17206,1.00000
0.52697,0.12662,0.00000
0.53603,-0.09856,0.00000
-0.16797,0.44394,1.00000
0.53924,0.01956,0.00000
-0.07568,0.85918,1.00000
0.04319,0.78897,1.00000
-0.40650,0.12004,1.00000
0.44636,0.30036,0.00000
-0.69439,-0.34610,0.00000
-0.32128,-0.43785,1.00000
-0.06428,-0.87073,0.00000
0.35162,-0.33923,0.00000
-0.35626,-0.04214,0.00000
-0.00858,0.19257,0.00000
0.03159,0.62018,0.00000
-0.24090,0.72745,1.00000
-0.53118,-0.04840,1.00000
0.29395,0.17957,1.00000
-0.48913,0.05723,1.00000
-0.19301,0.40683,1.00000
0.45397,0.30702,0.00000
0.67663,0.21883,1.00000
-0.36797,-0.74269,0.00000
-0.55851,0.35186,0.00000
0.22492,0.26740,1.00000
-0.32591,-0.48775,1.00000
-0.39093,-0.04738,0.00000
-0.58838,0.63097,1.00000
0.74497,-0.13145,1.00000
0.97626,-0.04898,0.00000
0.42420,-0.23480,0.00000
0.16212,-0.40975,0.00000
-0.53111,-0.01906,1.00000
-0.06153,-0.87722,0.00000
0.76530,-0.55909,0.00000
-0.07865,-0.83041,0.00000
0.47229,-0.48234,1.00000
0.19214,-0.60556,1.00000
0.76804,0.06949,1.00000
0.02163,0.56127,0.00000
0.07199,0.61011,0.00000
0.15579,0.61654,0.00000
-0.47561,0.49067,0.00000
-0.55396,-0.61403,0.00000
0.54209,-0.04853,0.00000
-0.64321,0.56489,1.00000
-0.28609,0.59781,0.00000
-0.24360,0.63846,0.00000
0.70671,-0.60571,0.00000
0.06272,-0.84478,0.00000
0.10536,0.18844,0.00000
-0.52244,-0.08833,1.00000
-0.42596,-0.63825,0.00000
-0.76421,0.38637,1.00000
0.67609,-0.57056,0.00000
-0.27479,-0.21070,0.00000
0.99140,-0.02034,0.00000
-0.54342,0.40141,0.00000
-0.28950,0.31735,1.00000
-0.69608,0.52499,1.00000
-0.31864,-0.48726,1.00000
-0.44244,0.50006,0.00000
0.38695,-0.76924,0.00000
-0.13733,-0.56404,1.00000
-0.63400,-0.42781,0.00000
-0.56124,-0.04756,1.00000
0.69909,0.08573,1.00000
-0.10642,0.84358,1.00000
-0.08878,-0.81159,0.00000
-0.43834,-0.30333,1.00000
0.33344,0.13492,1.00000
-0.79892,0.35620,1.00000
-0.22606,0.55279,0.00000
-0.04358,0.20986,0.00000
0.33658,0.73692,1.00000
-0.27461,-0.30860,0.00000
-0.13359,0.78251,1.00000
0.63853,0.25788,1.00000
0.00293,-0.63723,1.00000
-0.91615,-0.01916,1.00000
0.53603,0.53393,1.00000
0.30201,0.51043,0.00000
-0.13255,-0.15707,1.00000
0.35189,-0.82173,0.00000
0.44054,0.60019,1.00000
0.61010,-0.33294,1.00000
-0.73995,0.55384,1.00000
-0.19177,0.16292,0.00000
-0.33022,0.57032,0.00000
0.69850,0.16838,1.00000
0.05553,0.62839,0.00000
-0.86013,0.36018,1.00000
-0.07278,0.65651,0.00000
-0.95998,0.05733,1.00000
-0.36394,-0.81353,0.00000
-0.40573,-0.42090,1.00000
0.00247,0.42088,1.00000
0.46711,0.25860,0.00000
0.02143,-0.18973,1.00000
-0.13156,-0.81204,0.00000
-0.08371,-0.83113,0.00000
-0.20818,0.40429,1.00000
-0.24235,0.86623,1.00000
0.13178,-0.82305,0.00000
0.97208,0.04122,0.00000
-0.66448,-0.37477,0.00000
-0.09556,0.16592,0.00000
-0.17746,-0.40136,0.00000
-0.76791,-0.19884,0.00000
0.49097,-0.03443,0.00000
0.57662,-0.77343,0.00000
-0.42068,-0.41533,1.00000
-0.08630,-0.57136,1.00000
0.31651,-0.52020,1.00000
0.22959,-0.71841,1.00000
-0.49064,0.72845,1.00000
0.70839,-0.06055,1.00000
-0.24120,0.16309,0.00000
0.63523,-0.27320,1.00000
0.49316,-0.15904,0.00000
-0.44096,-0.28549,1.00000
-0.80628,0.42821,1.00000
0.02046,-0.55368,1.00000
0.49478,0.01434,0.00000
-0.58472,0.34966,0.00000
-0.26382,-0.49413,1.00000
-0.84694,0.26344,1.00000
0.43530,0.31494,0.00000
-0.03620,0.21286,0.00000
0.15104,-0.45356,0.00000
-0.43118,-0.66563,0.00000
-0.27943,-0.18258,0.00000
0.93803,-0.01055,0.00000
-0.79429,-0.09859,0.00000
0.40118,-0.75103,0.00000
0.20133,0.56446,0.00000
-0.01177,0.65216,0.00000
0.11780,0.80230,1.00000
0.39461,0.40277,0.00000
-0.18163,0.60666,0.00000
-0.38424,0.76183,1.00000
-0.10828,-0.39878,0.00000
-0.69603,0.20156,0.00000
-0.01580,0.20758,0.00000
0.62356,0.41918,1.00000
-0.52538,-0.10789,1.00000
0.32361,-0.37067,0.00000
0.31152,-0.80199,0.00000
-0.52256,-0.24631,1.00000
-0.68269,-0.09707,0.00000
-0.44710,0.47182,0.00000
-0.29713,-0.08584,0.00000
-0.62697,0.59737,1.00000
-0.25273,-0.79295,0.00000
0.26884,0.09499,1.00000
-0.56006,0.36649,0.00000
0.69968,-0.19532,1.00000
-0.36327,0.79165,1.00000
0.44951,0.42785,0.00000
-0.72629,0.21677,0.00000
0.52775,0.55319,1.00000
0.61173,-0.35284,1.00000
0.10292,0.30293,1.00000
-0.16129,-0.55777,1.00000
0.89593,-0.22473,0.00000
-0.54019,-0.10971,1.00000
0.13930,-0.85982,0.00000
0.69336,0.00115,1.00000
-0.40114,-0.40225,1.00000
-0.74532,0.53077,1.00000
-0.23960,0.37828,1.00000
0.04147,-0.54371,1.00000
0.38069,0.71692,1.00000
-0.66542,-0.37890,0.00000
-0.04004,-0.87215,0.00000
0.51534,0.60562,1.00000
-0.72162,0.05137,0.00000
-0.31272,-0.13769,0.00000
-0.25417,-0.45028,1.00000
0.44300,0.61551,1.00000
-0.54951,-0.58285,0.00000
0.80851,-0.34996,0.00000
0.00631,0.42359,1.00000
-0.08877,-0.37610,0.00000
0.18863,-0.39555,0.00000
0.73826,-0.61972,0.00000
-0.46720,0.47675,0.00000
-0.76284,-0.06242,0.00000
0.32970,-0.33782,0.00000
-0.06204,0.84072,1.00000
0.52788,0.56477,1.00000
-0.71301,-0.33974,0.00000
0.46812,-0.18884,0.00000
-0.35442,-0.48415,1.00000
-0.57606,-0.62328,0.00000
0.38253,0.40081,0.00000
-0.48633,-0.67935,0.00000
-0.69242,-0.26062,0.00000
0.71880,0.10369,1.00000
0.11962,0.63144,0.00000
-0.42263,-0.64610,0.00000
-0.51245,0.07911,1.00000
0.41764,-0.45067,1.00000
-0.92086,0.10003,1.00000
0.13667,0.75644,1.00000
-0.09071,0.60656,0.00000
0.74692,-0.53868,0.00000
-0.45512,-0.38425,1.00000
0.69429,-0.12766,1.00000
-0.13840,-0.82725,0.00000
-0.73191,0.16027,0.00000
-0.21972,-0.16852,0.00000
-0.37564,-0.73124,0.00000
-0.69543,0.13638,0.00000
-0.05966,-0.17602,1.00000
0.04033,-0.25633,1.00000
0.75872,-0.45759,0.00000
0.36525,0.12820,1.00000
-0.72623,0.48948,1.00000
1.00000,-0.14568,0.00000
-0.60201,0.39651,0.00000
0.25480,-0.83116,0.00000
0.06788,0.78941,1.00000
-0.29076,-0.27731,0.00000
-0.28415,0.83281,1.00000
0.71818,-0.01249,1.00000
0.72302,-0.53228,0.00000
0.61383,-0.65093,0.00000
0.15830,-0.48189,0.00000
-0.51739,0.50532,0.00000
-0.12722,-0.61162,1.00000
0.64723,0.18290,1.00000
0.67536,-0.28995,1.00000
-0.80548,-0.25942,0.00000
0.12648,-0.58916,1.00000
-0.76109,-0.10701,0.00000
0.53359,0.22122,0.00000
-0.60935,0.37800,0.00000
-0.16175,-0.28658,0.00000
0.49311,-0.74110,0.00000
-0.02773,-0.39315,0.00000
0.63320,-0.62751,0.00000
0.15429,-0.65072,1.00000
0.33088,0.12484,1.00000
-0.32300,0.34763,1.00000
-0.25656,-0.25097,0.00000
0.22799,0.58935,0.00000
0.27740,0.52749,0.00000
0.40064,-0.26622,0.00000
0.19087,-0.79054,0.00000
-0.53062,-0.04591,1.00000
0.67024,-0.11004,1.00000
0.18998,-0.86679,0.00000
-0.25496,-0.54253,1.00000
-0.47340,0.21205,1.00000
0.64359,0.38426,1.00000
-0.12536,0.66358,0.00000
0.10341,-0.42064,0.00000
-0.08687,0.40718,1.00000
-0.64280,0.24715,0.00000
0.66173,0.24339,1.00000
0.74595,-0.52728,0.00000
-0.74833,-0.28992,0.00000
-0.11606,0.38623,1.00000
-0.46620,-0.66437,0.00000
-0.31976,-0.78663,0.00000
0.56973,0.47734,1.00000
-0.83310,0.25265,1.00000
0.15215,-0.39656,0.00000
-0.33763,0.55953,0.00000
0.21593,-0.61888,1.00000
-0.31928,0.58862,0.00000
0.50851,-0.70245,0.00000
0.05758,-0.81844,0.00000
0.04966,0.78582,1.00000
0.55131,-0.00886,0.00000
-0.43407,-0.33957,1.00000
0.30443,0.25380,1.00000
-0.60627,0.67676,1.00000
0.70961,0.02449,1.00000
-0.18535,-0.88607,0.00000
-0.49638,0.10139,1.00000
-0.18398,0.81995,1.00000
0.94064,-0.01022,0.00000
0.13696,-0.41653,0.00000
0.51660,-0.67859,0.00000
0.08836,-0.83484,0.00000
-0.85628,0.41425,1.00000
-0.29450,-0.11119,0.00000
-0.64529,-0.44486,0.00000
0.45196,-0.68817,0.00000
0.06299,0.58226,0.00000
-0.75588,-0.27524,0.00000
-0.71327,-0.26885,0.00000
0.88732,-0.36870,0.00000
0.02727,0.81772,1.00000
-0.30826,-0.18515,0.00000
0.28106,-0.38230,0.00000
-0.22665,0.19370,0.00000
0.01168,-0.35347,0.00000
0.58919,0.49245,1.00000
0.26328,0.24838,1.00000
-0.38193,0.22982,1.00000
0.17618,0.76240,1.00000
-0.45448,0.06991,1.00000
0.52230,-0.00296,0.00000
0.16795,0.82138,1.00000
0.29664,-0.55527,1.00000
-0.66480,0.27372,0.00000
0.15894,0.36507,1.00000
0.01358,-0.21989,1.00000
0.26328,0.64322,1.00000
-0.25993,0.59260,0.00000
0.20233,-0.59931,1.00000
0.32601,0.52324,0.00000
0.21094,0.75102,1.00000
-0.23335,-0.82158,0.00000
0.45075,-0.01075,0.00000
0.08205,0.38096,1.00000
-0.71157,0.31042,0.00000
-0.09679,-0.60014,1.00000
0.33220,-0.38136,0.00000
-0.66374,0.25332,0.00000
0.52253,-0.17483,0.00000
-0.69358,0.24001,0.00000
0.24537,-0.55657,1.00000
-0.28384,-0.54456,1.00000
0.27885,0.56822,0.00000
0.54079,-0.62734,0.00000
0.56932,-0.33263,1.00000
-0.69485,0.54727,1.00000
0.29267,-0.86064,0.00000
0.92085,-0.13514,0.00000
-0.00594,0.19223,0.00000
-0.41158,-0.73873,0.00000
0.42280,0.42196,0.00000
0.04198,0.18978,0.00000
-0.41720,-0.35818,1.00000
-0.03308,-0.66531,1.00000
-0.72864,0.05247,0.00000
0.66497,-0.65171,0.00000
0.26065,0.31686,1.00000
0.65017,0.11685,1.00000
-0.53238,0.64452,1.00000
-0.39270,0.25959,1.00000
-0.66043,0.60277,1.00000
0.72468,0.12011,1.00000
0.67868,-0.59238,0.00000
0.12008,0.40532,1.00000
0.28315,-0.81807,0.00000
-0.23836,0.83518,1.00000
0.26935,0.52467,0.00000
-0.75069,0.11020,0.00000
-0.68064,0.63024,1.00000
0.89701,-0.09529,0.00000
-0.02386,0.24645,0.00000
0.55195,-0.32501,1.00000
0.42426,-0.54575,1.00000
-0.00434,-0.43388,0.00000
0.61054,0.46027,1.00000
-0.70503,0.23717,0.00000
-0.52163,-0.18838,1.00000
0.11774,0.36357,1.00000
0.40409,0.66690,1.00000
0.65402,-0.16027,1.00000
0.09917,0.58292,0.00000
0.09850,-0.88227,0.00000
-0.25194,0.81866,1.00000
0.02398,0.39005,1.00000
0.41134,-0.74459,0.00000
0.28155,0.58136,0.00000
0.43476,0.72348,1.00000
-0.41299,-0.36471,1.00000
-0.74857,-0.09252,0.00000
-0.36197,-0.45183,1.00000
-0.32717,0.55034,0.00000
-0.08237,0.43011,1.00000
0.67673,-0.27001,1.00000
0.94010,-0.03129,0.00000
-0.01404,-0.64428,1.00000
-0.13746,0.19338,0.00000
0.69658,0.42232,1.00000
0.53827,0.20576,0.00000
-0.62524,0.28108,0.00000
0.17482,-0.60324,1.00000
0.28612,-0.15762,1.00000
-0.21468,0.35417,1.00000
0.51502,-0.08084,0.00000
-0.56273,-0.60240,0.00000
0.04242,0.86551,1.00000
-0.69533,-0.05390,0.00000
-0.49333,-0.04227,1.00000
0.10772,0.78074,1.00000
-0.45754,-0.01188,1.00000
-0.13583,0.75819,1.00000
0.23929,0.55283,0.00000
0.09999,-0.90251,0.00000
0.50702,0.63900,1.00000
0.89121,-0.31491,0.00000
0.88876,-0.23649,0.00000
0.91631,-0.15800,0.00000
-0.31701,-0.73831,0.00000
-0.77990,0.09666,0.00000
-0.52115,-0.14773,1.00000
-0.01549,-0.61923,1.00000
0.01024,-0.62160,1.00000
0.27035,-0.62889,1.00000
0.57828,0.45907,1.00000
0.50418,-0.73377,0.00000
0.49927,-0.65011,0.00000
0.48363,-0.13260,0.00000
-0.59060,0.41154,0.00000
0.03003,-0.41670,0.00000
-0.67116,0.44476,1.00000
0.06363,-0.86790,0.00000
-0.59057,-0.08119,1.00000
0.40762,0.69900,1.00000
-0.52819,-0.05214,1.00000
0.59625,-0.39324,1.00000
0.64613,-0.23937,1.00000
0.26852,0.49972,0.00000
0.92001,-0.12358,0.00000
0.44422,-0.49766,1.00000
-0.28011,0.01767,0.00000
-0.26959,-0.58558,1.00000
0.66937,-0.19691,1.00000
0.23907,-0.34363,0.00000
0.53124,-0.13555,0.00000
0.91567,-0.07380,0.00000
0.38510,-0.79259,0.00000
-0.10640,0.40276,1.00000
-0.15029,0.32618,1.00000
0.63955,0.44562,1.00000
0.71329,-0.11424,1.00000
0.11278,0.61009,0.00000
0.17556,-0.42858,0.00000
-0.14281,0.80308,1.00000
-0.51292,0.12230,1.00000
0.43639,0.66848,1.00000
-0.42729,0.47944,0.00000
-0.32089,0.01057,0.00000
0.52519,0.61720,1.00000
-0.38383,0.77862,1.00000
-0.33243,0.72873,1.00000
-0.16112,0.45387,1.00000
-0.95592,0.04979,1.00000
-1.00000,-0.00136,1.00000
0.10141,-0.63130,1.00000
0.84359,-0.41443,0.00000
0.71318,-0.25386,1.00000
0.62569,-0.62736,0.00000
0.67625,0.09240,1.00000
-0.17415,0.80643,1.00000
0.28487,0.73855,1.00000
-0.72832,0.14641,0.00000
-0.41644,-0.64189,0.00000
0.17450,-0.34858,0.00000
-0.02881,0.17518,0.00000
-0.38512,0.77905,1.00000
0.78412,-0.42533,0.00000
-0.38631,-0.72740,0.00000
-0.01083,-0.19278,1.00000
-0.56085,0.50480,0.00000
-0.50382,0.65183,1.00000
-0.44407,0.69346,1.00000
-0.58195,0.50218,1.00000
-0.25131,-0.50968,1.00000
0.19006,0.76800,1.00000
-0.63055,0.34514,0.00000
-0.29821,0.35192,1.00000
0.54774,-0.33451,1.00000
-0.68061,0.53382,1.00000
0.27793,0.21547,1.00000
0.27491,0.27141,1.00000
-0.46446,-0.63181,0.00000
0.24497,0.26729,1.00000
-0.47244,0.72931,1.00000
-0.42667,0.18793,1.00000
-0.16439,-0.37013,0.00000
0.11520,-0.82457,0.00000
0.17183,0.78062,1.00000
0.05860,-0.24058,1.00000
-0.72678,-0.06967,0.00000
-0.03125,0.64621,0.00000
-0.74824,0.00213,0.00000
-0.71636,0.04405,0.00000
-0.31540,0.58777,0.00000
-0.12351,-0.59869,1.00000
0.03250,0.69562,0.00000
-0.47368,0.14329,1.00000
-0.11654,-0.77168,0.00000
-0.36275,-0.22898,0.00000
0.61842,0.47052,1.00000
0.70786,0.05769,1.00000
-0.46086,-0.34336,1.00000
0.66826,-0.57826,0.00000
0.46252,-0.53077,1.00000
-0.07934,0.66776,0.00000
-0.36425,-0.43612,1.00000
0.59998,-0.67416,0.00000
0.10641,0.06613,0.00000
-0.04887,0.55358,0.00000
-0.26244,0.08004,0.00000
0.10914,-0.18241,1.00000
-0.21401,0.19417,0.00000
0.13870,-0.24517,1.00000
-0.90901,0.10234,1.00000
0.20532,0.32738,1.00000
0.96520,-0.00598,0.00000
-0.28362,0.77004,1.00000
0.13099,0.62360,0.00000
0.03045,0.29036,0.00000
0.52763,0.63018,1.00000
-0.07460,0.60834,0.00000
0.13640,0.80856,1.00000
-0.76810,-0.27666,0.00000
0.08620,-0.88246,0.00000
0.63795,-0.62407,0.00000
0.21186,-0.80960,0.00000
-0.04120,0.22139,0.00000
0.70861,-0.66229,0.00000
0.18993,-0.77850,0.00000
0.60371,-0.33906,1.00000
-0.30406,-0.18710,0.00000
-0.52673,-0.63116,0.00000
-0.61322,-0.46763,0.00000
0.59143,0.41009,1.00000
0.24053,0.65275,0.00000
-0.24693,0.18220,0.00000
0.02714,0.83049,1.00000
0.13501,0.82651,1.00000
0.33846,0.14311,1.00000
0.11347,-0.57054,1.00000
-0.01075,-0.83989,0.00000
-0.56784,-0.11083,1.00000
0.08386,-0.36249,0.00000
-0.73637,0.48247,1.00000
-0.15966,0.41622,1.00000
0.06381,0.38630,1.00000
0.22561,0.74126,1.00000
-0.40005,0.56299,0.00000
0.07047,-0.60586,1.00000
-0.91317,0.07654,1.00000
0.68969,0.22140,1.00000
-0.56020,0.65593,1.00000
-0.30483,0.82163,1.00000
0.35520,0.49532,0.00000
0.82332,-0.50289,0.00000
-0.09528,-0.39855,0.00000
-0.06612,0.77498,1.00000
-0.43567,0.23142,1.00000
0.43320,0.36929,0.00000
-0.53794,0.61565,1.00000
0.05066,-0.20503,1.00000
-0.33826,0.63275,0.00000
-0.27551,-0.52929,1.00000
0.11278,-0.39340,0.00000
0.20571,0.79344,1.00000
-0.46484,-0.70616,0.00000
0.16677,0.08207,0.00000
0.58366,0.42211,1.00000
-0.17230,0.68315,0.00000
0.73540,-0.14012,1.00000
-0.29091,0.39883,1.00000
0.54566,0.05640,0.00000
-0.94256,0.02532,1.00000
-0.74810,-0.12720,0.00000
0.57341,0.55547,1.00000
-0.08699,-0.56567,1.00000
0.06195,0.40401,1.00000
0.72882,0.18956,1.00000
0.13574,0.84085,1.00000
-0.74429,-0.49350,0.00000
-0.08758,-0.63203,1.00000
-0.06178,0.22416,0.00000
-0.34306,0.03771,0.00000
-0.21620,0.85210,1.00000
0.21006,0.57977,0.00000
-0.19157,-0.83809,0.00000
0.20860,0.78669,1.00000
0.40448,-0.25128,0.00000
0.14813,-0.89017,0.00000
0.15403,0.38705,1.00000
-0.20739,0.69313,0.00000
-0.72523,0.24245,0.00000
-0.31444,-0.06506,0.00000
0.55119,0.50676,1.00000
-0.26387,-0.08467,0.00000
-0.61867,-0.46322,0.00000
-0.90141,0.36876,1.00000
0.64698,0.40408,1.00000
-0.23621,0.41110,1.00000
0.26161,0.10391,1.00000
0.38776,-0.80811,0.00000
-0.01144,0.84723,1.00000
0.24339,0.31191,1.00000
-0.53819,-0.21490,1.00000
-0.01451,0.61455,0.00000
0.29052,0.75000,1.00000
0.73801,0.01968,1.00000
-0.71020,-0.07324,0.00000
-0.40419,-0.65076,0.00000
0.27920,-0.84427,0.00000
0.55804,-0.43305,1.00000
-0.77282,-0.02890,0.00000
-0.25083,-0.51039,1.00000
-0.07446,-0.80993,0.00000
0.28060,0.14069,1.00000
0.01579,-0.23132,1.00000
0.25386,0.31706,1.00000
0.55179,-0.03405,0.00000
0.41688,0.67368,1.00000
0.47900,0.31333,0.00000
-0.45183,0.78936,1.00000
0.24614,-0.81644,0.00000
-0.84040,0.32698,1.00000
0.28468,0.76915,1.00000
0.61548,-0.72275,0.00000
-0.20022,0.59239,0.00000
0.25726,0.26924,1.00000
-0.64732,0.61826,1.00000
-0.46461,0.12876,1.00000
-0.48953,0.01025,1.00000
-0.71977,-0.39427,0.00000
0.43905,-0.74153,0.00000
0.16504,-0.40137,0.00000
0.89102,-0.31758,0.00000
0.53296,0.19290,0.00000
0.52720,0.48285,1.00000
0.07528,-0.44547,0.00000
-0.93923,0.07419,1.00000
-0.67996,0.49428,1.00000
0.25222,-0.59955,1.00000
0.17507,0.53820,0.00000
-0.54351,0.64389,1.00000
0.70693,0.09779,1.00000
0.84780,-0.37959,0.00000
0.21480,0.61543,0.00000
-0.95718,0.12438,1.00000
-0.83253,0.31285,1.00000
0.10437,-0.59800,1.00000
-0.11152,-0.40231,0.00000
-0.85069,0.25675,1.00000
-0.23661,0.17451,0.00000
-0.58358,0.67664,1.00000
0.46761,0.04588,0.00000
-0.12503,0.62346,0.00000
0.14470,0.79842,1.00000
-0.52623,0.08857,1.00000
0.54710,-0.38451,1.00000
0.39354,-0.82008,0.00000
-0.02765,0.32014,1.00000
-0.17054,0.40069,1.00000
-0.64917,-0.47475,0.00000
-0.44975,-0.38778,1.00000
-0.36055,-0.76457,0.00000
0.26455,0.55053,0.00000
0.21703,-0.20723,1.00000
-0.07980,-0.81654,0.00000
0.91175,-0.28727,0.00000
-0.12883,0.83476,1.00000
0.56602,-0.33146,1.00000
-0.14321,0.44793,1.00000
0.93663,-0.05012,0.00000
0.65802,0.38181,1.00000
0.43753,-0.55479,1.00000
-0.27330,0.78134,1.00000
-0.15750,0.45914,1.00000
0.23301,0.72992,1.00000
0.89211,-0.39869,0.00000
0.41883,0.34014,0.00000
0.67020,-0.19325,1.00000
0.81737,-0.37790,0.00000
-0.01576,0.63852,0.00000
-0.44218,0.72961,1.00000
0.43962,0.42193,0.00000
0.10071,0.39391,1.00000
-0.68023,0.53086,1.00000
0.57160,-0.60716,0.00000
-0.16061,-0.83911,0.00000
-0.58703,-0.55288,0.00000
-0.02682,-0.57095,1.00000
0.36730,-0.82401,0.00000
0.66931,0.40123,1.00000
0.94123,-0.15383,0.00000
-0.29457,0.00707,0.00000
-0.63453,-0.45955,0.00000
0.50579,0.59303,1.00000
-0.48384,0.27455,1.00000
0.41138,0.44500,0.00000
-0.29443,0.57260,0.00000
0.17160,-0.83202,0.00000
0.50045,0.13011,0.00000
0.45812,0.31288,0.00000
0.59791,-0.65571,0.00000
0.20326,-0.82514,0.00000
-0.63433,0.32826,0.00000
0.72439,-0.01799,1.00000
-0.59423,0.74994,1.00000
0.87571,-0.34063,0.00000
-0.44991,-0.28178,1.00000
-0.31959,0.63533,0.00000
0.04536,0.62726,0.00000
0.68815,-0.01398,1.00000
0.71942,0.04174,1.00000
-0.28153,-0.75411,0.00000
-0.05441,0.79745,1.00000
-0.35209,-0.51118,1.00000
0.41967,0.38166,0.00000
-0.52304,0.06920,1.00000
-0.15738,-0.31175,0.00000
-0.64933,0.56659,1.00000
-0.65970,0.30986,0.00000
-0.48044,-0.70441,0.00000
-0.09734,-0.84216,0.00000
-0.80415,-0.04602,0.00000
0.27165,0.25687,1.00000
-0.29049,-0.46620,1.00000
0.18291,0.40532,1.00000
0.69626,0.34821,1.00000
-0.07709,0.43932,1.00000
0.04734,0.62553,0.00000
-0.13802,-0.60062,1.00000
0.32975,-0.36091,0.00000
0.66432,-0.64719,0.00000
0.38692,-0.55469,1.00000
-0.62177,0.60317,1.00000
0.51584,0.15451,0.00000
-0.25475,-0.12578,0.00000
-0.22001,-0.61200,1.00000
0.41393,0.68109,1.00000
-0.27290,-0.55518,1.00000
0.03674,0.36052,1.00000
-0.31924,-0.74535,0.00000
0.46290,-0.48342,1.00000
0.51343,-0.16118,0.00000
-0.21120,0.80623,1.00000
0.03101,-0.59107,1.00000
0.00076,-0.85814,0.00000
-0.70944,0.52024,1.00000
-0.02809,-0.61982,1.00000
0.95770,-0.17315,0.00000
0.06376,0.59530,0.00000
0.69865,0.28778,1.00000
0.20943,-0.66265,1.00000
0.55109,-0.07630,0.00000
-0.19233,-0.53979,1.00000
0.59596,0.09249,0.00000
-0.20436,0.62297,0.00000
0.20414,0.78124,1.00000
-0.64934,-0.60557,0.00000
0.10593,-0.88773,0.00000
-0.10997,-0.36262,0.00000
0.42090,0.56777,1.00000
-0.07496,0.19796,0.00000
0.73738,-0.13868,1.00000
-0.68317,-0.50920,0.00000
0.25379,-0.08634,1.00000
0.25306,0.56616,0.00000
-0.27057,0.35846,1.00000
0.25316,0.21206,1.00000
-0.59103,0.59616,1.00000
0.53299,0.64207,1.00000
-0.36843,-0.37053,1.00000
-0.03607,-0.61897,1.00000
0.69220,-0.17462,1.00000
0.17448,-0.81619,0.00000
-0.30644,-0.45269,1.00000
0.32470,0.12195,1.00000
0.27758,-0.80883,0.00000
0.75867,0.03626,1.00000
-0.58051,0.38656,0.00000
-0.76489,-0.20412,0.00000
0.03070,-0.92733,0.00000
0.74492,-0.54130,0.00000
-0.09414,0.80465,1.00000
-0.90159,0.19629,1.00000
-0.64162,0.63403,1.00000
-0.16646,0.85400,1.00000
-0.55521,0.64575,1.00000
0.56757,-0.65190,0.00000
-0.70619,0.17422,0.00000
0.69935,-0.58647,0.00000
-0.26894,0.67134,0.00000
-0.02336,-0.61634,1.00000
-0.17606,0.80114,1.00000
0.49481,-0.38303,1.00000
0.28591,-0.59446,1.00000
-0.58195,-0.63857,0.00000
0.52958,-0.11386,0.00000
0.90159,-0.26466,0.00000
0.35118,-0.25613,0.00000
-0.79252,0.38100,1.00000
0.04251,0.81563,1.00000
0.62677,0.30508,1.00000
0.06704,-0.59048,1.00000
-0.19825,0.78283,1.00000
0.05653,-0.57612,1.00000
0.27291,0.23819,1.00000
-0.37867,0.59422,0.00000
-0.04296,0.88465,1.00000
0.24737,-0.57399,1.00000
-0.47624,-0.15195,1.00000
0.75292,-0.54218,0.00000
-0.20755,-0.76995,0.00000
0.46293,-0.21584,0.00000
0.51635,0.28172,0.00000
0.38919,-0.50901,1.00000
-0.41304,-0.39911,1.00000
0.47060,-0.09456,0.00000
0.31020,-0.61947,1.00000
-0.60181,-0.64898,0.00000
-0.36493,0.64735,0.00000
-0.28847,0.78961,1.00000
0.19837,0.61715,0.00000
-0.20295,0.40859,1.00000
0.38705,-0.36141,0.00000
0.46521,0.33316,0.00000
-0.44328,0.15295,1.00000
0.23903,0.56835,0.00000
-0.58054,0.65651,1.00000
-0.80936,0.38260,1.00000
-0.10874,-0.57747,1.00000
-0.47653,-0.40172,1.00000
0.26389,0.17902,1.00000
0.02833,0.77331,1.00000
0.53109,0.29518,0.00000
-0.24293,-0.56076,1.00000
-0.08298,-0.83557,0.00000
-0.60987,0.52267,1.00000
-0.74226,-0.28286,0.00000
0.76388,-0.37188,0.00000
0.13250,0.31752,1.00000
-0.16895,-0.33967,0.00000
0.70536,0.35012,1.00000
-0.03703,0.63565,0.00000
0.51552,0.08492,0.00000
0.57584,0.52407,1.00000
-0.37170,0.56112,0.00000
0.36166,-0.78754,0.00000
-0.49941,-0.64541,0.00000
0.04745,0.85591,1.00000
0.22328,0.18928,1.00000
0.32659,0.10247,1.00000
0.25781,0.71183,1.00000
-0.15260,-0.43108,0.00000
-0.42253,-0.30881,1.00000
0.52622,-0.03774,0.00000
-0.24539,0.25246,0.00000
-0.86977,0.23772,1.00000
0.56897,-0.71417,0.00000
-0.72270,0.16963,0.00000
-0.50836,-0.01093,1.00000
0.31941,0.01621,1.00000
-0.77445,0.46781,1.00000
-0.82888,0.43287,1.00000
0.07829,0.80467,1.00000
0.95135,-0.08555,0.00000
-0.58036,0.39886,0.00000
-0.13777,0.19315,0.00000
0.04548,-0.21248,1.00000
0.92674,-0.20320,0.00000
-0.47103,-0.33502,1.00000
-0.15483,-0.50442,1.00000
0.54388,0.54274,1.00000
-0.69158,0.00697,0.00000
0.33388,-0.59083,1.00000
0.24478,-0.41322,0.00000
-0.54450,0.65537,1.00000
0.19992,-0.18463,1.00000
0.57587,-0.34359,1.00000
-0.09308,0.45168,1.00000
-0.72430,0.04433,0.00000
0.46889,-0.37093,1.00000
0.26307,-0.35814,0.00000
-0.46942,-0.43838,1.00000
-0.95770,0.00066,1.00000
0.41204,-0.27423,0.00000
-0.37996,0.77841,1.00000
-0.46452,0.04986,1.00000
0.19684,0.82209,1.00000
-0.16408,-0.86248,0.00000
-0.55310,0.70448,1.00000
-0.35545,0.82494,1.00000
-0.50671,0.46317,0.00000
0.30547,0.13783,1.00000
-0.74190,-0.11056,0.00000
0.59632,0.42154,1.00000
0.25935,0.03519,1.00000
-0.15339,0.45253,1.00000
0.75120,-0.45889,0.00000
-0.07993,-0.87154,0.00000
0.91904,-0.21828,0.00000
-0.21934,-0.62039,1.00000
-0.42731,0.47539,0.00000
0.10028,0.59948,0.00000
0.62257,0.45101,1.00000
0.09092,0.81248,1.00000
-0.72981,-0.19807,0.00000
-0.19611,0.60329,0.00000
0.45489,-0.76950,0.00000
-0.71370,0.03830,0.00000
0.56836,0.57789,1.00000
0.34931,0.69885,1.00000
-0.73261,-0.10797,0.00000
0.45054,0.63747,1.00000
-0.25015,0.81938,1.00000
-0.69127,0.17730,0.00000
0.37497,0.52506,0.00000
-0.23006,-0.28177,0.00000
0.62050,-0.41125,1.00000
0.20971,0.19722,1.00000
0.67372,-0.04635,1.00000
-0.48362,0.70236,1.00000
-0.76333,0.39975,1.00000
-0.42993,0.75426,1.00000
0.15632,-0.23135,1.00000
-0.75457,0.02482,0.00000
0.27241,-0.15841,1.00000
-0.79915,-0.05547,0.00000
-0.16743,-0.56910,1.00000
0.09842,-0.81278,0.00000
-0.05108,0.80691,1.00000
0.03902,-0.19507,1.00000
-0.37809,0.30152,1.00000
0.73907,-0.27517,1.00000
-0.13698,0.86694,1.00000
-0.16807,-0.57280,1.00000
0.14244,0.61096,0.00000
-0.34023,0.65651,0.00000
-0.53330,-0.61274,0.00000
0.53352,0.00645,0.00000
-0.35748,-0.11214,0.00000
0.49111,-0.26590,0.00000
-0.98827,0.08605,1.00000
0.35054,-0.58424,1.00000
0.29655,-0.33505,0.00000
-0.87203,0.06480,1.00000
-0.50572,0.62183,1.00000
-0.61051,-0.46614,0.00000
0.69106,-0.11437,1.00000
0.32942,0.55491,0.00000
0.27498,0.07235,1.00000
0.18857,0.06146,0.00000
-0.61131,0.28949,0.00000
0.85570,-0.33759,0.00000
0.66828,-0.63551,0.00000
-0.19989,-0.28380,0.00000
0.18685,0.52898,0.00000
-0.25856,0.31613,1.00000
-0.40832,-0.40019,1.00000
0.84461,-0.39316,0.00000
-0.84647,0.23459,1.00000
-0.31197,0.32388,1.00000
0.45899,0.34774,0.00000
0.23981,0.34334,1.00000
0.27486,0.56634,0.00000
0.59579,0.49809,1.00000
0.23575,0.28557,1.00000
-0.18749,-0.18414,0.00000
0.61283,-0.60703,0.00000
0.84404,-0.43862,0.00000
-0.63828,0.58055,1.00000
-0.08724,-0.87971,0.00000
-0.13458,-0.10044,1.00000
-0.09502,0.18690,0.00000
0.57609,-0.59630,0.00000
0.35753,0.48377,0.00000
-0.13005,-0.79977,0.00000
-0.31787,0.57363,0.00000
-0.51163,-0.62560,0.00000
-0.56711,0.61203,1.00000
-0.60891,0.62268,1.00000
-0.92807,-0.01602,1.00000
0.30179,0.49852,0.00000
-0.14280,0.60705,0.00000
0.27757,0.04927,1.00000
-0.77811,0.36894,1.00000
-0.93101,0.07972,1.00000
0.59998,-0.70022,0.00000
-0.36113,-0.06606,0.00000
0.80074,-0.45326,0.00000
-0.49966,-0.64573,0.00000
0.36138,-0.78237,0.00000
-0.28771,-0.47610,1.00000
-0.42333,0.22776,1.00000
0.77654,-0.38933,0.00000
0.31275,0.44082,0.00000
0.38510,-0.27688,0.00000
-0.16302,-0.76436,0.00000
0.43698,-0.47867,1.00000
-0.55225,-0.53714,0.00000
0.59945,0.02059,0.00000
-0.14187,-0.56502,1.00000
-0.36473,0.56688,0.00000
0.53052,0.22209,0.00000
-0.29836,-0.06124,0.00000
-0.24490,-0.57250,1.00000
-0.26585,0.38858,1.00000
-0.24012,-0.21262,0.00000
0.08120,-0.84732,0.00000
-0.19012,0.64732,0.00000
0.47408,-0.39629,1.00000
0.22304,-0.23693,1.00000
-0.41303,-0.73080,0.00000
-0.23610,-0.31564,0.00000
0.61784,-0.58566,0.00000
0.82811,-0.47236,0.00000
0.56470,-0.67672,0.00000
-0.45567,0.53290,0.00000
-0.42406,-0.68157,0.00000
-0.07933,0.59708,0.00000
-0.75307,0.46545,1.00000
-0.26432,-0.79456,0.00000
-0.22045,0.78868,1.00000
0.17751,-0.38152,0.00000
0.13548,-0.59329,1.00000
0.58202,-0.67850,0.00000
-0.11735,-0.80641,0.00000
-0.13904,0.87258,1.00000
-0.72196,-0.12271,0.00000
-0.64048,0.61754,1.00000
0.77101,0.04957,1.00000
0.48673,-0.05849,0.00000
0.92555,-0.04446,0.00000
-0.05340,0.80105,1.00000
-0.38485,0.81790,1.00000
0.72211,0.27825,1.00000
-0.69850,0.50460,1.00000
-0.18093,-0.74412,0.00000
0.73090,-0.15472,1.00000
0.86253,-0.37096,0.00000
0.51856,0.67980,1.00000
0.33372,-0.03366,1.00000
0.27155,-0.58763,1.00000
0.10419,-0.21949,1.00000
0.54123,0.15641,0.00000
0.30422,0.14405,1.00000
-0.58547,0.64866,1.00000
-0.67669,0.28947,0.00000
0.37659,0.47114,0.00000
0.02225,-0.76593,0.00000
-0.09417,0.81339,1.00000
-0.15776,-0.32519,0.00000
-0.73063,-0.13543,0.00000
0.05772,-0.12565,1.00000
0.56902,0.04623,0.00000
-0.00993,-0.18257,1.00000
-0.72054,-0.24063,0.00000
-0.20741,-0.81326,0.00000
-0.33266,-0.25166,0.00000
-0.16194,-0.50905,1.00000
0.51035,0.21464,0.00000
-0.82772,0.40884,1.00000
0.31598,0.42977,0.00000
-0.25352,-0.24757,0.00000
-0.25581,-0.21121,0.00000
-0.11228,-0.51501,1.00000
0.63316,0.50167,1.00000
0.24970,-0.61490,1.00000
-0.08337,-0.34502,0.00000
0.17786,-0.21544,1.00000
0.54051,0.62782,1.00000
-0.43224,0.15917,1.00000
0.56335,-0.30346,1.00000
-0.01316,0.61257,0.00000
-0.57929,0.65162,1.00000
0.25812,0.52868,0.00000
-0.44205,0.19904,1.00000
0.75276,-0.05586,1.00000
0.31809,0.02561,1.00000
-0.56555,0.52401,0.00000
-0.02501,-0.20806,1.00000
-0.76118,0.12089,0.00000
0.59318,-0.67615,0.00000
0.49347,-0.78334,0.00000
-0.00294,-0.23629,1.00000
-0.67508,-0.42887,0.00000
0.94440,-0.27276,0.00000
-0.74305,0.45733,1.00000
0.94195,-0.12023,0.00000
0.00205,-0.23388,1.00000
0.47408,0.69239,1.00000
0.83902,-0.39424,0.00000
0.65337,-0.58572,0.00000
-0.64178,-0.41889,0.00000
-0.12046,-0.39633,0.00000
-0.14958,0.42891,1.00000
0.42056,-0.25482,0.00000
0.49312,0.38682,0.00000
0.20816,-0.31377,0.00000
0.32940,-0.55197,1.00000
0.86132,-0.37019,0.00000
0.02837,-0.90800,0.00000
-0.36378,0.76077,1.00000
0.93170,-0.19959,0.00000
-0.33424,-0.13352,0.00000
-0.41307,0.56626,0.00000
0.41109,0.33532,0.00000
-0.66437,-0.44522,0.00000
-0.34893,-0.50312,1.00000
0.03962,-0.43887,0.00000
-0.88915,0.27729,1.00000
0.27784,0.47727,0.00000
0.02018,0.79600,1.00000
-0.28945,0.82227,1.00000
0.14409,-0.90530,0.00000
0.44518,-0.75997,0.00000
0.26664,0.27492,1.00000
-0.42948,-0.67263,0.00000
-0.71342,0.16561,0.00000
-0.70098,0.23289,0.00000
-0.49330,0.09037,1.00000
-0.19321,-0.62091,1.00000
0.43773,-0.18397,0.00000
0.15595,0.57127,0.00000
0.70479,0.00982,1.00000
0.63293,-0.24145,1.00000
0.55421,-0.69947,0.00000
0.93191,-0.14383,0.00000
-0.21989,0.79595,1.00000
-0.04191,0.66070,0.00000
